{"train_loss_step": 5.83341646194458, "train_acc_step": 0.1428571492433548, "train_sentence_acc_step": 0.0, "epoch": 9, "trainer/global_step": 9, "_runtime": 75, "_timestamp": 1633721395, "_step": 79, "val_loss_step": 13.872504234313965, "val_acc_step": 0.0, "val_sentence_acc_step": 0.0, "val_loss_epoch": 8.805102348327637, "val_acc_epoch": 0.09714286029338837, "val_sentence_acc_epoch": 0.0, "train_loss_epoch": 8.991497993469238, "train_acc_epoch": 0.0693877562880516, "train_sentence_acc_epoch": 0.0, "_wandb": {"runtime": 78}}