{"train_loss_step": 4.596277713775635, "train_acc_step": 0.2857142984867096, "train_sentence_acc_step": 0.0, "epoch": 0, "trainer/global_step": 49, "_runtime": 183, "_timestamp": 1633724805, "_step": 222, "val_loss_step": 1.422032356262207, "val_acc_step": 0.800000011920929, "val_sentence_acc_step": 0.5, "val_loss_epoch": 2.3317177295684814, "val_acc_epoch": 0.5632055401802063, "val_sentence_acc_epoch": 0.16860465705394745}