{"val_loss_step": 13.872504234313965, "val_acc_step": 0.0, "val_sentence_acc_step": 0.0, "trainer/global_step": 29, "_runtime": 25, "_timestamp": 1633721001, "_step": 29, "val_loss_epoch": 8.225831985473633, "val_acc_epoch": 0.11428572237491608, "val_sentence_acc_epoch": 0.0, "epoch": 9, "_wandb": {"runtime": 27}}