{"train_loss_step": 1.9963443279266357, "train_acc_step": 0.5, "train_sentence_acc_step": 0.0, "epoch": 9, "trainer/global_step": 499, "_runtime": 1766, "_timestamp": 1633733612, "_step": 2239, "val_loss_step": 1.3885985612869263, "val_acc_step": 0.800000011920929, "val_sentence_acc_step": 0.5, "val_loss_epoch": 2.5237481594085693, "val_acc_epoch": 0.5602607131004333, "val_sentence_acc_epoch": 0.20639534294605255, "train_loss_epoch": 1.1122350692749023, "train_acc_epoch": 0.7390984892845154, "train_sentence_acc_epoch": 0.371099054813385, "_wandb": {"runtime": 1769}}